title,text,subject,date
"Real Title 1","The fed raised rates today.","News","2023-01-01"
"Space Telescope stuff","NASA took pictures of space.","News","2023-01-02"
"WHO Guidelines","Antibiotics are cool.","News","2023-01-03"
"Real Title 1","Real text 1 fed rates","News","2023-01-01"
"Real Title 2","Real text 2 fed rates","News","2023-01-01"
"Real Title 3","Real text 3 fed rates","News","2023-01-01"
"Real Title 4","Real text 4 fed rates","News","2023-01-01"
"Real Title 5","Real text 5 fed rates","News","2023-01-01"
"Real Title 6","Real text 6 fed rates","News","2023-01-01"
"Real Title 7","Real text 7 fed rates","News","2023-01-01"
"Real Title 8","Real text 8 fed rates","News","2023-01-01"
"Real Title 9","Real text 9 fed rates","News","2023-01-01"
"Real Title 10","Real text 10 fed rates","News","2023-01-01"
"Real Title 11","Real text 11 fed rates","News","2023-01-01"
"Real Title 12","Real text 12 fed rates","News","2023-01-01"
"Real Title 13","Real text 13 fed rates","News","2023-01-01"
"Real Title 14","Real text 14 fed rates","News","2023-01-01"
"Real Title 15","Real text 15 fed rates","News","2023-01-01"
